,subreddit,totalUpvotes
0,r/canada,578690.0
1,r/worldnews,456973.0
2,r/hockey,442261.0
3,r/justneckbeardthings,318000.0
4,r/MadeMeSmile,263595.0
5,r/comics,263297.0
6,r/AITAH,250199.0
7,r/movies,250059.0
8,r/politics,231109.0
9,r/ukraine,196000.0
10,r/loseit,195000.0
11,r/PoliticalHumor,180512.0
12,r/datingoverforty,169096.0
13,r/FrankOcean,166000.0
14,r/bleach,166000.0
15,r/memes,165849.0
16,r/WhitePeopleTwitter,165114.0
17,r/pokemon,165000.0
18,r/OldSchoolCool,159000.0
19,r/wholesomememes,156921.0
20,r/funny,154000.0
21,r/antiwork,132000.0
22,r/mildlyinfuriating,124939.0
23,r/me_irl,117321.0
24,r/Damnthatsinteresting,112290.0
25,r/leagueoflegends,21167.0
26,r/technology,17727.0
27,r/onguardforthee,14582.0
28,r/torontoraptors,14387.0
29,r/ontario,12041.0
30,r/SaintMeghanMarkle,12012.0
31,r/AskReddit,11308.0
32,r/AmItheAsshole,11128.0
33,r/popculturechat,10724.0
34,r/MapPorn,10406.0
35,r/pettyrevenge,10365.0
36,r/Hololive,10130.0
37,r/facepalm,9980.0
38,r/TheSimpsons,9711.0
39,r/realmadrid,9582.0
40,r/JuJutsuKaisen,9439.0
41,r/PrequelMemes,9246.0
42,r/Anticonsumption,9163.0
43,r/tumblr,8650.0
44,r/pics,8022.0
45,r/ottawa,7877.0
46,r/alberta,7860.0
47,r/NoStupidQuestions,7755.0
48,r/gaming,7714.0
49,r/SipsTea,7560.0
50,r/2meirl4meirl,7320.0
51,r/technicallythetruth,7066.0
52,r/AskMen,6700.0
53,r/totalwar,6480.0
54,r/dankmemes,6468.0
55,r/Gunners,6174.0
56,r/Cricket,6159.0
57,r/blackcats,5942.0
58,r/news,5919.0
59,r/BaldursGate3,5825.0
60,r/BlackPeopleTwitter,5756.0
61,r/Calgary,5556.0
62,r/nottheonion,5275.0
63,r/reddevils,5182.0
64,r/Futurology,5180.0
65,r/Fauxmoi,5171.0
66,r/travel,4953.0
67,r/wallstreetbets,4830.0
68,r/KitchenConfidential,4611.0
69,r/fcbayern,4567.0
70,r/WhatsWrongWithYourCat,4469.0
71,r/LeagueOfMemes,4215.0
72,r/HumansAreMetal,4196.0
73,r/smashbros,4159.0
74,r/biggboss,4073.0
75,r/kpop,4072.0
76,r/CuratedTumblr,3900.0
77,r/SquaredCircle,3830.0
78,r/TeenMomOGandTeenMom2,3802.0
79,r/TheLastAirbender,3638.0
80,r/Funnymemes,3572.0
81,r/Justrolledintotheshop,3519.0
82,r/IASIP,3489.0
83,r/Showerthoughts,3488.0
84,r/PS5,3471.0
85,r/InternetIsBeautiful,3469.0
86,r/instantkarma,3379.0
87,r/maybemaybemaybe,3290.0
88,r/HonkaiStarRail,3177.0
89,r/YouniquePresenterMS,3153.0
90,r/WhatWeDointheShadows,3152.0
91,r/Grimdank,3033.0
92,r/golf,3020.0
93,r/OttawaSenators,2993.0
94,r/teenmom,2957.0
95,r/whatisthisthing,2948.0
96,r/Overwatch_Memes,2913.0
97,r/nba,2883.0
98,r/AbruptChaos,2687.0
99,r/askTO,2605.0
100,r/aww,2518.0
101,r/whenthe,2409.0
102,r/atheism,2383.0
103,r/illnessfakers,2331.0
104,r/holdmycatnip,2324.0
105,r/ufc,2235.0
106,r/starwarsmemes,2125.0
107,r/Watches,2100.0
108,r/reddeadredemption,2098.0
109,r/Starfield,2068.0
110,r/mildlyinteresting,2054.0
111,r/europe,2052.0
112,r/LifeProTips,2012.0
113,r/ProgrammerHumor,2000.0
114,r/pcgaming,1969.0
115,r/Hamilton,1958.0
116,r/vancouver,1957.0
117,r/DnD,1921.0
118,r/FinalFantasy,1884.0
119,r/aircanada,1883.0
120,r/Habs,1789.0
121,r/anime_titties,1787.0
122,r/TheRightCantMeme,1786.0
123,r/90dayfianceuncensored,1757.0
124,r/vexillologycirclejerk,1756.0
125,r/lego,1739.0
126,r/canucks,1672.0
127,r/2westerneurope4u,1663.0
128,r/formuladank,1653.0
129,r/YouShouldKnow,1593.0
130,r/PublicFreakout,1552.0
131,r/leafs,1531.0
132,r/CFB,1512.0
133,r/americandad,1510.0
134,r/Construction,1508.0
135,r/ChatGPT,1506.0
136,r/BollyBlindsNGossip,1451.0
137,r/BrandNewSentence,1450.0
138,r/WorkReform,1443.0
139,r/RPDR_UK,1345.0
140,r/FantasyPL,1313.0
141,r/BeAmazed,1309.0
142,r/PersonalFinanceCanada,1308.0
143,r/WrexhamAFC,1308.0
144,r/wow,1307.0
145,r/meirl,1267.0
146,r/therewasanattempt,1251.0
147,r/pcmasterrace,1250.0
148,r/hacking,1228.0
149,r/TwoHotTakes,1217.0
150,r/TrueOffMyChest,1183.0
151,r/Jujutsufolk,1171.0
152,r/MMA,1171.0
153,r/Wellthatsucks,1136.0
154,r/toRANTo,1132.0
155,r/TopCharacterDesigns,1127.0
156,r/HolUp,1113.0
157,r/wizardposting,1113.0
158,r/lgbt,1112.0
159,r/shitposting,1110.0
160,r/FundieSnarkUncensored,1109.0
161,r/Torontology,1107.0
162,r/PeterExplainsTheJoke,1107.0
163,r/TalesFromThePharmacy,1105.0
164,r/unpopularopinion,1095.0
165,r/coys,1088.0
166,r/GamingLeaksAndRumours,1068.0
167,r/CasualUK,1033.0
168,r/cyberpunkgame,1031.0
169,r/todayilearned,1030.0
170,r/egg_irl,990.0
171,r/torontobiking,981.0
172,r/howyoudoin,971.0
173,r/nextfuckinglevel,915.0
174,r/KingstonOntario,913.0
175,r/religiousfruitcake,777.0
176,r/saskatchewan,774.0
177,r/britishcolumbia,762.0
178,r/crochet,724.0
179,r/90DayFiance,695.0
180,r/Frugal,685.0
181,r/IllegallySmolCats,653.0
182,r/anime,648.0
183,r/londonontario,645.0
184,r/ThePPShow,627.0
185,r/Quebec,602.0
186,r/JustGuysBeingDudes,599.0
187,r/BigBrother,589.0
188,r/Gamingcirclejerk,588.0
189,r/fantasyhockey,564.0
190,r/Toyota,537.0
191,r/mapporncirclejerk,510.0
192,r/NatureIsFuckingLit,498.0
193,r/texts,496.0
194,r/dndnext,466.0
195,r/Music,458.0
196,r/SpidermanPS4,378.0
197,r/UofT,377.0
198,r/oddlysatisfying,369.0
199,r/Eldenring,358.0
200,r/2ndYomKippurWar,357.0
201,r/ireland,355.0
202,r/30ROCK,354.0
203,r/OnePiece,346.0
204,r/mmamemes,334.0
205,r/ShermanPosting,333.0
206,r/ndp,330.0
207,r/fivenightsatfreddys,323.0
208,r/TikTokCringe,318.0
209,r/Genshin_Impact,298.0
210,r/GenX,286.0
211,r/KidsAreFuckingStupid,281.0
212,r/flying,270.0
213,r/NASCAR,269.0
214,r/discordVideos,255.0
215,r/aliens,249.0
216,r/UNBGBBIIVCHIDCTIICBG,246.0
217,r/distressingmemes,245.0
218,r/nintendo,244.0
219,r/tifu,241.0
220,r/fashion,240.0
221,r/HilariaBaldwin,235.0
222,r/Overwatch,230.0
223,r/chelseafc,229.0
224,r/Manitoba,227.0
225,r/HonkaiStarRail_leaks,226.0
226,r/IdiotsInCars,214.0
227,r/midjourney,213.0
228,r/Economics,212.0
229,r/DunderMifflin,210.0
230,r/arknights,201.0
231,r/megalophobia,197.0
232,r/ChoosingBeggars,196.0
233,r/AbsoluteUnits,195.0
234,r/simpsonsshitposting,195.0
235,r/science,155.0
236,r/Destiny,154.0
237,r/loreofleague,151.0
238,r/DarkTide,147.0
239,r/Satisfyingasfuck,145.0
240,r/inthenews,139.0
241,r/Weird,138.0
242,r/pokemongo,136.0
243,r/fuckcars,135.0
244,r/nonononoyes,120.0
245,r/halifax,108.0
246,r/cats,89.0
247,r/povertyfinance,88.0
248,r/EDH,86.0
249,r/CitiesSkylines,85.0
250,r/regina,84.0
251,r/FunnyAnimals,81.0
252,r/LivestreamFail,70.0
253,r/Sephora,68.0
254,r/NotHowGirlsWork,62.0
255,r/TaylorSwift,59.0
256,r/harrypotter,59.0
257,r/DesignMyRoom,53.0
258,r/woodworking,51.0
259,r/batman,49.0
260,r/EnoughMuskSpam,49.0
261,r/worldjerking,48.0
262,r/HuskyTantrums,44.0
263,r/clevercomebacks,42.0
264,r/NonPoliticalTwitter,41.0
265,r/gtaonline,40.0
266,r/IThinkYouShouldLeave,32.0
267,r/playboicarti,29.0
268,r/LoveIslandTV,28.0
269,r/Superstonk,22.0
270,r/SisterWives,21.0
271,r/GoodAssSub,12.0
272,r/blender,11.0
273,r/CleaningTips,9.0
274,r/Marvel,8.0
275,r/birdspapayasarah,0.0
276,r/GlobalOffensive,0.0
277,r/Idiotswithguns,0.0
278,r/armoredcore,0.0
279," it was a cloudy morning. It was there for at least 2 hours.""",
